Tag,Count
Article,701
Environment,629
Climate crisis,549
News,429
Energy,366
UK news,355
Business,330
The Guardian,300
Main section,265
Greenhouse gas emissions,256
Cop26,189
Fossil fuels,170
World news,166
Renewable energy,155
UK Environment,154
Australia news,142
UK Business,140
Opinion,130
Australia News,114
Politics,113
Comment,112
Energy industry,104
Features,102
Jillian Ambrose,88
Australian politics,87
Fiona Harvey,78
"Electric, hybrid and low-emission cars",77
Gas,68
US news,64
Oil,63
Ethical and green living,62
Motoring,55
UK Opinion,53
US News,52
Technology,52
Green economy,49
Journal,48
Coal,47
Adam Morton,45
Damian Carrington,42
Travel and transport,41
UK Home News,40
Letters,38
Scotland,38
Automotive industry,37
Boris Johnson,37
Top stories,37
Wind power,35
Money,34
Coalition,34
Oil and gas companies,33
Green politics,33
Scott Morrison,33
Climate science,32
Europe,32
The Observer,31
Energy efficiency,29
Hydrogen power,28
Analysis,27
UK Letters and Leader Writers,27
Energy bills,27
Conservatives,27
Oliver Milman,26
Consumer affairs,26
Special supplement,24
Commodities,24
Mining,23
Asia Pacific,23
Katharine Murphy,23
Carbon capture and storage (CCS),21
Transport,21
China,20
Australia Opinion,20
Air transport,20
Household bills,20
Angus Taylor,20
Coronavirus,19
Solar power,19
International,19
Society,18
Jasper Jolly,18
Economics,18
Nuclear power,17
Glasgow,17
Pollution,17
Airline industry,17
Joe Biden,17
Paris climate agreement,17
Global climate talks,16
Transport policy,16
European Union,16
New Zealand,16
Australian economy,16
Explainers,16
Environmental investigations,15
Road transport,14
Science,14
Carbon offsetting,14
US politics,14
United Nations,14
Royce Kurmelovs,13
Fossil fuel divestment,13
Jonathan Watts,13
Observer Main,13
Utilities,13
Graham Readfearn,13
Green light,13
Rishi Sunak,13
New South Wales,13
UK Foreign,12
Manufacturing sector,11
Jennifer Rankin,11
Electric vehicles,11
India,10
Conservation,10
Lisa Cox,10
Labor party,10
Construction industry,10
Intergovernmental Panel on Climate Change (IPCC),10
Gwyn Topham,10
Green jobs,10
Housing,10
National party,10
US Opinion,9
Waste,9
Editorials,9
Patrick Greenfield,9
Severin Carrell,9
Biodiversity,9
Global development,8
Media,8
South and central Asia,8
London,8
Minute by minute,8
America's race to zero emissions,8
Labour,8
Paul Karp,8
Rob Davies,8
National Grid,8
Kwasi Kwarteng,8
Wildlife,8
Infrastructure,8
Editorial,8
Libby Brooks,8
Carbon footprints,7
Sandra Laville,7
Nina Lakhani,7
BP,7
Shell,7
The rural network,7
Economic recovery,7
Economic policy,7
Malcolm Turnbull,7
Alok Sharma,7
Liberal party,7
Queensland,7
Communities,7
Biden administration,7
Miles Brignall,7
Airline emissions,7
Daniel Hurst,7
Culture,7
Rowena Mason,6
Larry Elliott,6
Peter Hannam,6
UK Money,6
Peter Walker,6
UK Global Development,6
G7,6
Climate Change Committee,6
Ofgem,6
Green building,6
G20,6
Rural Australia,6
Germany,6
California,6
Matthew Taylor,6
Climate finance,6
Autumn budget 2021,6
Tesla,6
Inequality,6
Monarchy,6
France,6
Rupert Jones,6
Global economy,5
Air pollution,5
Tax,5
Norway,5
Planning policy,5
Tom Levitt,5
Sarah Martin,5
Biomass and bioenergy,5
Barnaby Joyce,5
Regulators,5
Amy Remeikis,5
Environmental activism,5
Middle East and north Africa,5
Australia Foreign,5
Property,5
Local government,5
Queen Elizabeth II,5
Xi Jinping,5
Trees and forests,5
Deforestation,5
Joe Manchin,5
European Commission,5
Americas,5
Sport,5
Jessica Murray,5
Emissions trading,5
Advertising,5
Observer Comment,5
Oceans,5
Energy storage,5
Protest,5
Wales,5
Recycling,5
Elon Musk,5
Kalyeena Makortoff,5
West Coast News,5
Food,4
Victoria,4
Business leader,4
Anthony Albanese,4
Nuclear waste,4
Health,4
Climate aid,4
The last chance,4
Vincent Ni,4
Opec,4
Meat industry,4
Indigenous peoples,4
Mark Carney,4
UK Design,4
Keir Starmer,4
Rebecca Solnit,4
Joanna Partridge,4
Travel,4
Shipping industry,4
Farming,4
Bibi van der Zee,4
US special projects,4
Climate crimes,4
Bill Gates,4
Greg Jericho,4
Scottish politics,4
Tax and spending,4
England,4
Banking,4
Covering Climate Now,4
Insulate Britain,4
King Charles III,4
Sweden,4
Ben Smee,4
Miranda Bryant,4
Australian foreign policy,4
Bill Hare,4
Emmanuel Macron,4
Life and style,4
Jessica Elgot,4
Yorkshire,4
Greenpeace,4
Flooding,4
Ed Miliband,4
Robin McKie,4
ScottishPower,4
Woodside,3
Richard Denniss,3
Narendra Modi,3
Queensland politics,3
Scottish National party (SNP),3
Mortgages,3
UK Europe project,3
Sustainable development,3
This is Europe,3
Oliver Holmes,3
Poland,3
International trade,3
UK Long Read,3
The long read,3
Microsoft,3
Cities,3
Sadiq Khan,3
COP 21: Paris climate change conference 2015,3
Kevin Rudd,3
Wildfires,3
Population,3
Agriculture,3
BHP,3
Plastics,3
SSE,3
John Kerry,3
Confederation of British Industry (CBI),3
OECD,3
Richard Partington,3
Interactive,3
Universal credit,3
Karen McVeigh,3
Seascape: the state of our oceans,3
Australia Politics,3
Jon Henley,3
Investing,3
Iraq,3
Coastlines,3
South Australia,3
Russia,3
Travel & leisure,3
Carbon tax,3
Nicholas Stern,3
Africa,3
Self-driving cars,3
Financial sector,3
Drax,3
Nissan,3
Rural network,3
Alan Evans,3
Green party,3
Law,3
Cumbria,3
Green travel,3
Petrol prices,3
Water,3
Shipping emissions,3
Mark Sweney,3
Architecture,3
Interviews,3
Chris Michael,3
Spring budget 2021,2
Poverty,2
Television industry,2
Tess McClure,2
Supermarkets,2
Prince William,2
Canada,2
Rolls-Royce,2
Meat,2
Cycling,2
Corporate governance,2
Apple,2
Retail industry,2
Uber,2
New South Wales politics,2
Hull,2
Elle Hunt,2
Volvo,2
Family finances,2
Biofuels,2
John Vidal,2
Australian Greens,2
Food security,2
NHS,2
Rob Evans,2
Queen's consent investigations,2
Tom Ambrose,2
US domestic policy,2
Liberal Democrats,2
UK G2 production,2
The Long Read,2
Books,2
US Congress,2
Grogonomics graph of the week,2
Japan,2
Trent Zimmerman,2
Annastacia Palaszczuk,2
Extreme weather,2
George Monbiot,2
Angelique Chrisafis,2
Frank Jotzo,2
Groundwork,2
Food & drink industry,2
Toby Helm,2
Elena Morresi,2
Rachel Reeves,2
Brazil,2
Phoebe Weston,2
The upside,2
Andrew Sparrow,2
Heather Stewart,2
Western Australia,2
Endangered species,2
Phillip Inman,2
Pensions,2
Logging and land-clearing,2
UK Travel,2
Brexit,2
World Trade Organization,2
Oliver Wainwright,2
Industrial policy,2
Patrick Wintour,2
Technology sector,2
Endangered habitats,2
ExxonMobil,2
Ursula von der Leyen,2
Activism,2
Ben Butler,2
Chevron,2
Economics viewpoint,2
Julia Kollewe,2
Elisabeth Ulven,2
UK G2 Features,2
Natasha May,2
Tristan Edis,2
Andrew Forrest,2
Nadia Khomami,2
Dominic Rushe,2
US Features,2
Music,2
Bernie Sanders,2
Chile,2
Climate countdown,2
Italy,2
Australian budget 2021,2
Supply chain crisis,2
Essex,2
Home improvements,2
Rail transport,2
In focus,2
UK Culture,2
A just transition,2
Religion,2
Robert Jenrick,2
Steel industry,2
Birmingham,2
Fuel duty,2
Marine life,2
UK Age of Extinction,2
UK Membership,2
IPOs,2
Oliver Balch,2
Adam Tooze,2
Chaitanya Kumar,2
Steven Morris,2
Rupert Neate,2
Investments,2
Caroline Lucas,2
Anne-Marie Trevelyan,2
US Business,2
Weather,2
Rebecca Newsom,2
Social housing,2
Katharine Gammon,2
Oil spills,2
Greta Thunberg,2
UK Sport,2
Grogonomics,2
Isabel Hardman,2
New Zealand politics,2
Eva Corlett,2
Google,2
The age of extinction,2
Competition and Markets Authority,2
UK Communities and Social,2
Comment & features,2
Great Barrier Reef,2
Guardian members,2
Austerity,2
Social care,2
US economy,2
Spain,2
UK Weather,2
Maya Yang,2
G2,2
Robert Booth,2
Daniel Boffey,1
Shaun Bailey,1
Tobi Thomas,1
Unemployment,1
Barclays,1
Angela Giuffrida,1
Mario Draghi,1
Parks and green spaces,1
Public finance,1
Friends of the Earth,1
Hannah Ellis-Petersen,1
Vietnam,1
Newcastle,1
London mayoral election 2021,1
Indonesia,1
Nicola Sturgeon,1
Peter Capaldi,1
Michael Bradshaw,1
Energy research,1
Television & radio,1
Alphabet,1
Television,1
James Tapper,1
Alex Hern,1
Heritage,1
Justin McCurry,1
Amy Westervelt,1
South Korea,1
Puerto Rico,1
Our unequal earth,1
Physics,1
The RIBA,1
Seattle,1
Swimming,1
Perth,1
London Stock Exchange,1
Interest rates,1
Andrew Bailey,1
Labour conference 2021,1
Jonathan Wittenberg,1
Gilets jaunes protests,1
Sam Geall,1
Guardian community team,1
Callout,1
Commonwealth Games,1
Facebook,1
Covid jobs crisis,1
Los Angeles,1
Low-traffic neighbourhoods,1
New Orleans,1
Australian trade unions,1
Wyoming,1
Laura Paddison,1
Oman,1
Queensland election 2020,1
Luxury goods sector,1
Stamp duty,1
Capital gains tax,1
Hospitality industry,1
Taylor Wimpey,1
Carlton Reid,1
Green deal and energy companies obligation (ECO),1
New York,1
Consumer rights,1
Consumer champions,1
Bonds,1
Jack Shenker,1
Manston asylum centre,1
Kent,1
Fuel poverty,1
UK Data,1
Niko Kommenda,1
Niamh McIntyre,1
Pablo Gutiérrez,1
Ashley Kirk,1
Robyn Vinter,1
Middle East,1
Seafood,1
Chris Venables,1
Chris McGreal,1
Geoffrey Supran,1
Dan Tehan,1
Naomi Oreskes,1
Barbara Finamore,1
Davos,1
Pete McKenzie,1
Vivian Ho,1
Texas,1
Champions League,1
Football,1
UK Investigations ,1
Andrew Simms,1
British Airways,1
Amy Hughes,1
David Pegg,1
Savings,1
Savings rates,1
Homes,1
Hunter Valley,1
John Barilaro,1
Stephen Burgen,1
Gabrielle Canon,1
Sarah Butler,1
Famine,1
Emma Beddington,1
Vegetarianism,1
Belize,1
Dan Jarvis,1
Vegan food and drink,1
Graeme Green,1
Lucy Campbell,1
Guardian climate pledge 2020,1
Emma Brockes,1
Melbourne,1
Sydney,1
Commonwealth Games 2022,1
Schools,1
AGL,1
Jair Bolsonaro,1
John Crace,1
The politics sketch,1
Hinkley Point C,1
EDF Energy,1
Bridget McKenzie,1
UK Coal,1
UK criminal justice,1
Education,1
Li Keqiang,1
Politics live with Andrew Sparrow,1
House of Commons,1
Damian Green,1
Katharine Murphy on politics,1
Environmental sustainability,1
Natalie Grover,1
María Fernanda Espinosa,1
Glaciers,1
Living on the frontline of global heating,1
Investment funds,1
Veganism,1
Fish,1
Amazon rainforest,1
Helena Horton,1
George Eustice,1
Phil Taylor,1
Economic growth (GDP),1
Adam Corner,1
Music industry,1
Marina Hyde,1
Simon Lewis,1
Temperature Check,1
Pakistan,1
National parks,1
Joanna Lumley,1
Isabella Kaminski,1
Crime,1
Nils Pratley,1
Gambling,1
Sport betting,1
Heathrow airport,1
Nils Pratley on finance,1
Unesco,1
Emily Kenway,1
Care workers,1
Carers,1
Simon Jenkins,1
Laurent Fabius,1
Adam Popescu,1
Newcastle and the Hunter,1
Science policy,1
Nick Cohen,1
Banks and building societies,1
Guardian 200,1
Environment News,1
Shops and shopping,1
Aditya Chakrabortty,1
Victorian politics,1
Food waste,1
The Green Recovery,1
John Harris,1
National insurance,1
Australia Sport,1
Mike Hytner,1
Australia sport,1
Michael McGowan,1
Australian rules football,1
AFL,1
AFLW,1
Conservative conference 2020,1
Jane Dunford,1
Flights,1
Amsterdam holidays,1
Barcelona holidays,1
Venice holidays,1
Clea Skopeliti,1
Budget travel,1
Adventure travel,1
Trade and development,1
Berta Cáceres,1
Reconstruction after Covid,1
Battery life,1
Computing,1
Stansted airport,1
Zoe Williams,1
Zheng Zeguang,1
Portugal,1
Polly Toynbee,1
Simon Stevens,1
Tone Sutterud,1
Gladys Berejiklian,1
Katharine Viner,1
Nadeem Badshah,1
Green cities,1
PFAS,1
Chemistry,1
Museums,1
Natural resources and development,1
Hungary,1
Mathias Cormann,1
Stephen Smellie,1
Erik Dalhuijsen,1
Matt Krupnick,1
Peter Muiruri,1
Global health,1
Thea Riofrancos,1
Conservative conference 2021,1
Party funding,1
Patrick Barkham,1
Rewilding,1
Rural affairs,1
Cornwall,1
Marketing & PR,1
Urban planning,1
Anne Davies,1
Private equity,1
Observer editorial,1
Deep-sea mining,1
Climate science scepticism and denial,1
Opinion polls,1
Kevin Watkins,1
Chinese economy,1
Human rights,1
Internet,1
Broadband,1
Banking ,1
National Australia Bank,1
Rights and freedom,1
Kuwait,1
Qatar,1
Saudi Arabia,1
United Arab Emirates,1
Tayo Bero,1
Andy Beckett,1
Michael Savage,1
Jennifer Morgan,1
International Monetary Fund (IMF),1
Peter Newell,1
Overconsumption,1
Elias Visontay,1
McDonald's,1
Viktor Orbán,1
Alvin Chang,1
SpaceX,1
Ben Quinn,1
Aberdeen,1
Graeme Wearden,1
Office for Budget Responsibility,1
Hawaii,1
Georgina Quach,1
Amelia Hill,1
Local politics,1
Mayoral elections,1
Advertising Standards Authority,1
Green streets,1
Sam Wollaston,1
Paul Torpey,1
Sarah Hanson-Young,1
Annette McGivney,1
Utah,1
Arizona,1
This land is your land,1
Sustainable fashion,1
United Kingdom holidays,1
JCB,1
News & features,1
Giles Richards,1
Motor sport,1
Formula One,1
Child labour,1
Guardian readers,1
Jedidajah Otte,1
Alfie Packham,1
Google Maps,1
Aston Martin,1
Maanvi Singh,1
San Francisco,1
Law (Australia),1
Emma Graham-Harrison,1
Martin Farrer,1
Couriers/delivery industry,1
Josh Frydenberg,1
Maya Wolfe-Robinson,1
Rail industry,1
Go-Ahead,1
Pádraig Belton,1
Taiwan,1
Electrocomponents,1
Ford,1
Romania,1
Aliya Uteuova,1
New Mexico,1
America's dirty divide,1
US work & careers,1
Working from home,1
Jeremy Plester,1
Morocco,1
Iceland,1
Dan Milmo,1
Mariana Mazzucato,1
Rashida Kamal,1
Southampton,1
Walt Disney Company,1
Reviews,1
Science and nature books,1
Sustainable development goals,1
Australian Politics,1
Jane Clinton,1
Jim Waterson,1
Sky,1
Bank of England,1
Lauren Gambino,1
House of Representatives,1
Tzeporah Berman,1
Justin Trudeau,1
Amazon,1
North Carolina,1
US political lobbying,1
Fatima Ibrahim,1
Priti Patel,1
Fracking,1
Art and design,1
Soil,1
Patrick Vallance,1
Jeff Bezos,1
Kate Connolly,1
Willie Walsh,1
Tony Abbott,1
Eleanor Salter,1
Gordon Brown,1
Guardian review,1
Features & reviews,1
Aerospace industry,1
Leeds,1
Bristol,1
Max Wakefield,1
Mark Lynas,1
Leo Murray,1
The far right,1
E-commerce,1
Cryptocurrencies,1
Bitcoin,1
Aaron Miguel Cantú,1
Will Hutton,1
US Senate,1
Joydeep Gupta,1
Adrienne Buller,1
Emerging markets,1
Language,1
Newspapers,1
Family,1
Friendship,1
Brief letters,1
Richard Orange,1
Migration,1
Van Badham,1
Rafael Behr,1
Callum Tennant,1
Yanis Varoufakis,1
Transition towns,1
US Interactive,1
Coles,1
Saving money,1
Eleanor de Jong,1
Jacinda Ardern,1
Coventry,1
Membership,1
Inside the Guardian,1
Ikea,1
The green recovery,1
Budget,1
Corporate social responsibility,1
Aldi,1
Woolworths,1
Brisbane,1
Juliette Garside,1
Miranda Green,1
Floodlight,1
Lobbying,1
Toyota,1
Donna Lu,1
Townsville,1
Adani Group,1
Birds,1
Sussan Ley,1
Costa Rica,1
Denmark,1
Sunderland,1
Adam Bandt,1
Airbus,1
Jonathon Porritt,1
Coldplay,1
Kate Aronoff,1
US foreign policy,1
Gazprom,1
Singapore,1
Bhaskar Sunkara,1
K'gari (Fraser Island),1
Indigenous Australians,1
Bushfires,1
Kyoto protocol,1
Fatih Birol,1
Ali Allawi,1
Lauren Aratani,1
Lizzy Davies,1
The Gambia,1
easyJet,1
Conservative leadership,1
Paul Brown,1
Northern Ireland,1
Weatherwatch,1
Bethan McKernan,1
Recep Tayyip Erdoğan,1
Turkey,1
US education,1
Ben Beaumont-Thomas,1
Pop and rock,1
Simone Tagliapietra,1
